{"cameraMode":{"drawMode":0,"name":"Shaded","section":"Shading Mode"},"sceneLighting":true,"audioPlay":false,"sceneViewState":{"m_AlwaysRefresh":false,"showFog":true,"showSkybox":true,"showFlares":true,"showImageEffects":true,"showParticleSystems":true,"showVisualEffectGraphs":true,"m_FxEnabled":true},"in2DMode":false,"pivot":{"x":0.4455013573169708,"y":1.256009817123413,"z":0.6587648987770081},"rotation":{"x":0.03357218950986862,"y":0.5867767333984375,"z":0.024377701804041864,"w":-0.808722972869873},"size":0.7164039611816406,"orthographic":true}