{"cameraMode":{"drawMode":0,"name":"Shaded","section":"Shading Mode"},"sceneLighting":true,"audioPlay":false,"sceneViewState":{"m_AlwaysRefresh":false,"showFog":true,"showSkybox":true,"showFlares":true,"showImageEffects":true,"showParticleSystems":true,"showVisualEffectGraphs":true,"m_FxEnabled":true},"in2DMode":false,"pivot":{"x":-0.7549998760223389,"y":0.588212251663208,"z":10.808256149291993},"rotation":{"x":0.08039533346891403,"y":0.3779238164424896,"z":-0.03296264261007309,"w":0.9217531085014343},"size":2.569814920425415,"orthographic":true}