{"cameraMode":{"drawMode":0,"name":"Shaded","section":"Shading Mode"},"sceneLighting":true,"audioPlay":false,"sceneViewState":{"m_AlwaysRefresh":false,"showFog":true,"showSkybox":true,"showFlares":true,"showImageEffects":true,"showParticleSystems":true,"showVisualEffectGraphs":true,"m_FxEnabled":true},"in2DMode":false,"pivot":{"x":0.0423206090927124,"y":0.012056756764650345,"z":-0.06682361662387848},"rotation":{"x":0.057029664516448978,"y":0.6283482909202576,"z":-0.04626358300447464,"w":0.7744817137718201},"size":0.3248058259487152,"orthographic":true}