{"cameraMode":{"drawMode":0,"name":"Shaded","section":"Shading Mode"},"sceneLighting":true,"audioPlay":false,"sceneViewState":{"m_AlwaysRefresh":false,"showFog":true,"showSkybox":true,"showFlares":true,"showImageEffects":true,"showParticleSystems":true,"showVisualEffectGraphs":true,"m_FxEnabled":true},"in2DMode":false,"pivot":{"x":132.14462280273438,"y":53.86709976196289,"z":26.904006958007814},"rotation":{"x":0.02699674665927887,"y":-0.0008977473480626941,"z":0.000024245364329544827,"w":0.9996359348297119},"size":113.2599105834961,"orthographic":false}