{"cameraMode":{"drawMode":0,"name":"Shaded","section":"Shading Mode"},"sceneLighting":true,"audioPlay":false,"sceneViewState":{"m_AlwaysRefresh":false,"showFog":true,"showSkybox":true,"showFlares":true,"showImageEffects":true,"showParticleSystems":true,"showVisualEffectGraphs":true,"m_FxEnabled":true},"in2DMode":false,"pivot":{"x":-0.7800872325897217,"y":11.64389705657959,"z":-17.960494995117189},"rotation":{"x":-0.20740821957588197,"y":-0.027214650064706804,"z":0.00578053155913949,"w":-0.9778932929039002},"size":3.703619956970215,"orthographic":true}