{"cameraMode":{"drawMode":0,"name":"Shaded","section":"Shading Mode"},"sceneLighting":true,"audioPlay":false,"sceneViewState":{"m_AlwaysRefresh":false,"showFog":true,"showSkybox":true,"showFlares":true,"showImageEffects":true,"showParticleSystems":true,"showVisualEffectGraphs":true,"m_FxEnabled":true},"in2DMode":false,"pivot":{"x":-5.020076751708984,"y":-28.73065948486328,"z":18.550884246826173},"rotation":{"x":0.28498193621635439,"y":-0.2828797399997711,"z":0.08843892812728882,"w":0.9115765690803528},"size":23.872665405273439,"orthographic":true}