{"cameraMode":{"drawMode":0,"name":"Shaded","section":"Shading Mode"},"sceneLighting":true,"audioPlay":false,"sceneViewState":{"m_AlwaysRefresh":false,"showFog":true,"showSkybox":true,"showFlares":true,"showImageEffects":true,"showParticleSystems":true,"showVisualEffectGraphs":true,"m_FxEnabled":true},"in2DMode":false,"pivot":{"x":6.22184419631958,"y":3.3586742877960207,"z":-34.51053237915039},"rotation":{"x":0.02387457899749279,"y":-0.10119622200727463,"z":0.002429551910609007,"w":0.9945898056030273},"size":1.4783025979995728,"orthographic":true}