{"cameraMode":{"drawMode":0,"name":"Shaded","section":"Shading Mode"},"sceneLighting":false,"audioPlay":false,"sceneViewState":{"m_AlwaysRefresh":false,"showFog":true,"showSkybox":false,"showFlares":true,"showImageEffects":true,"showParticleSystems":true,"showVisualEffectGraphs":true,"m_FxEnabled":true},"in2DMode":false,"pivot":{"x":-0.8822247385978699,"y":0.862067699432373,"z":10.500997543334961},"rotation":{"x":-0.05277840420603752,"y":-0.015880338847637178,"z":0.000839500455185771,"w":-0.9984841346740723},"size":2.9217891693115236,"orthographic":false}