{"cameraMode":{"drawMode":0,"name":"Shaded","section":"Shading Mode"},"sceneLighting":false,"audioPlay":false,"sceneViewState":{"m_AlwaysRefresh":false,"showFog":true,"showSkybox":false,"showFlares":true,"showImageEffects":true,"showParticleSystems":true,"showVisualEffectGraphs":true,"m_FxEnabled":true},"in2DMode":false,"pivot":{"x":-0.3214038014411926,"y":1.2188146114349366,"z":11.510976791381836},"rotation":{"x":-0.22880826890468598,"y":0.034450605511665347,"z":0.008102367632091046,"w":0.9728305339813232},"size":1.9274284839630128,"orthographic":false}