{"cameraMode":{"drawMode":0,"name":"Shaded","section":"Shading Mode"},"sceneLighting":false,"audioPlay":false,"sceneViewState":{"m_AlwaysRefresh":false,"showFog":true,"showSkybox":false,"showFlares":true,"showImageEffects":true,"showParticleSystems":true,"showVisualEffectGraphs":true,"m_FxEnabled":true},"in2DMode":false,"pivot":{"x":-0.35904914140701296,"y":0.48071348667144778,"z":10.037964820861817},"rotation":{"x":-0.20582689344882966,"y":0.0035199993290007116,"z":-0.0007403602940030396,"w":-0.9785841703414917},"size":2.132140636444092,"orthographic":false}