{"cameraMode":{"drawMode":0,"name":"Shaded","section":"Shading Mode"},"sceneLighting":false,"audioPlay":false,"sceneViewState":{"m_AlwaysRefresh":false,"showFog":true,"showSkybox":false,"showFlares":true,"showImageEffects":true,"showParticleSystems":true,"showVisualEffectGraphs":true,"m_FxEnabled":true},"in2DMode":false,"pivot":{"x":0.0034157559275627138,"y":-0.027322836220264436,"z":0.01408299058675766},"rotation":{"x":-0.05753903090953827,"y":-0.4992608428001404,"z":0.033244311809539798,"w":-0.8639260530471802},"size":0.29687511920928957,"orthographic":true}