{"cameraMode":{"drawMode":0,"name":"Shaded","section":"Shading Mode"},"sceneLighting":false,"audioPlay":false,"sceneViewState":{"m_AlwaysRefresh":false,"showFog":true,"showSkybox":false,"showFlares":true,"showImageEffects":true,"showParticleSystems":true,"showVisualEffectGraphs":true,"m_FxEnabled":true},"in2DMode":false,"pivot":{"x":0.08907809108495712,"y":0.05016828328371048,"z":-0.12230836600065232},"rotation":{"x":-0.05753903090953827,"y":-0.4992608428001404,"z":0.033244311809539798,"w":-0.8639260530471802},"size":0.17505653202533723,"orthographic":true}