{"cameraMode":{"drawMode":0,"name":"Shaded","section":"Shading Mode"},"sceneLighting":false,"audioPlay":false,"sceneViewState":{"m_AlwaysRefresh":false,"showFog":true,"showSkybox":false,"showFlares":true,"showImageEffects":true,"showParticleSystems":true,"showVisualEffectGraphs":true,"m_FxEnabled":true},"in2DMode":false,"pivot":{"x":0.0003497675061225891,"y":0.0002222880721092224,"z":0.018658682703971864},"rotation":{"x":-0.05753903090953827,"y":-0.4992608428001404,"z":0.033244311809539798,"w":-0.8639260530471802},"size":0.3872983455657959,"orthographic":true}